rownumber,firstname,lastname,email
1,Loleta,Filby,lfilby0@samsung.com
2,Jesse,Hatchman,jhatchman1@mashable.com
3,Myrtle,MacArte,mmacarte2@ycombinator.com
4,Magdalen,Guyers,mguyers3@deviantart.com
5,Marlie,Pettifor,mpettifor4@wikipedia.org
6,Inger,Le Gassick,ilegassick5@flickr.com
7,Huntlee,Prate,hprate6@amazonaws.com
8,Larry,Yurygyn,lyurygyn7@answers.com
9,Larissa,Izakov,lizakov8@ted.com
10,Gunter,Kollach,gkollach9@indiatimes.com
11,Carena,Amys,camysa@eepurl.com
12,Rollie,Crowcum,rcrowcumb@thetimes.co.uk
13,Alyssa,Quixley,aquixleyc@bigcartel.com
14,Scarface,Hallawell,shallawelld@rediff.com
15,Wilie,Crayk,wcrayke@mapy.cz
16,Currie,Standon,cstandonf@bbb.org
17,Dionisio,Bock,dbockg@squarespace.com
18,Costanza,Tamplin,ctamplinh@ning.com
19,Pierce,Derks,pderksi@cloudflare.com
20,Pace,Bruty,pbrutyj@bbb.org
21,Else,Brewis,ebrewisk@answers.com
22,Eden,Meadus,emeadusl@marriott.com
23,Daveta,Siveyer,dsiveyerm@java.com
24,Romain,Kinnerk,rkinnerkn@stanford.edu
25,Quincy,Philott,qphilotto@marketwatch.com
26,Lynnett,Toomey,ltoomeyp@tiny.cc
27,Elroy,Gauld,egauldq@diigo.com
28,Fidelia,Pighills,fpighillsr@mediafire.com
29,Madalyn,Corbet,mcorbets@facebook.com
30,Horton,Yabsley,hyabsleyt@liveinternet.ru
31,Chilton,Kits,ckitsu@cocolog-nifty.com
32,Humfrey,Czajka,hczajkav@wired.com
33,Nikki,Greenwell,ngreenwellw@merriam-webster.com
34,Emlynne,Branford,ebranfordx@cbsnews.com
35,Aloise,Cornford,acornfordy@cnet.com
36,Amandi,Todaro,atodaroz@so-net.ne.jp
37,Gilberto,Dumbrill,gdumbrill10@mozilla.org
38,Moina,Vany,mvany11@topsy.com
39,Karina,Garraway,kgarraway12@berkeley.edu
40,Enrica,Dancey,edancey13@xinhuanet.com
41,Derrick,Sumbler,dsumbler14@is.gd
42,Jayme,St Ledger,jstledger15@ezinearticles.com
43,Bride,Melville,bmelville16@oracle.com
44,Christoph,Fattorini,cfattorini17@seesaa.net
45,Piper,Case,pcase18@theglobeandmail.com
46,Candra,Santo,csanto19@msn.com
47,Renee,Gerty,rgerty1a@imdb.com
48,Hilly,O'Connell,hoconnell1b@google.ru
49,Izaak,Bolmann,ibolmann1c@qq.com
50,Rourke,Barkes,rbarkes1d@skype.com
51,Eddy,Spiring,espiring1e@sourceforge.net
52,Elnora,Gherardesci,egherardesci1f@ftc.gov
53,Cort,Davson,cdavson1g@imgur.com
54,Jonas,Essam,jessam1h@ox.ac.uk
55,Glyn,Pittem,gpittem1i@yandex.ru
56,Blithe,Dauney,bdauney1j@berkeley.edu
57,Wendeline,Lembrick,wlembrick1k@telegraph.co.uk
58,Haley,Pridmore,hpridmore1l@xrea.com
59,Tab,Lomas,tlomas1m@friendfeed.com
60,Lezlie,Lerwell,llerwell1n@typepad.com
61,Terra,Birkin,tbirkin1o@usnews.com
62,Cassi,Cutmore,ccutmore1p@nationalgeographic.com
63,Margit,Mebs,mmebs1q@biglobe.ne.jp
64,Guinevere,Orrey,gorrey1r@paypal.com
65,Dacie,Maylin,dmaylin1s@youku.com
66,Mead,Wemyss,mwemyss1t@bbc.co.uk
67,Catlin,Dederick,cdederick1u@hatena.ne.jp
68,Tabbatha,Bras,tbras1v@engadget.com
69,Esteban,Gashion,egashion1w@mit.edu
70,Gregoor,Woodeson,gwoodeson1x@shareasale.com
71,Bryce,Farrear,bfarrear1y@nytimes.com
72,Allan,Seyffert,aseyffert1z@chron.com
73,Inesita,Kilner,ikilner20@cmu.edu
74,Upton,Clines,uclines21@istockphoto.com
75,Zara,Lippett,zlippett22@github.io
76,Germain,Pierrepont,gpierrepont23@usnews.com
77,Harper,Dorsey,hdorsey24@linkedin.com
78,Brendan,Konzel,bkonzel25@npr.org
79,Arvy,Andrivot,aandrivot26@wunderground.com
80,Elwira,Jeffray,ejeffray27@biblegateway.com
81,Jobye,Simoncelli,jsimoncelli28@e-recht24.de
82,Kirstyn,Spuffard,kspuffard29@youtu.be
83,Hailee,Freckingham,hfreckingham2a@google.de
84,Ketti,McLevie,kmclevie2b@t.co
85,Lily,Paulazzi,lpaulazzi2c@aboutads.info
86,Adams,Mechell,amechell2d@1und1.de
87,Mab,Trillow,mtrillow2e@freewebs.com
88,Carissa,Croney,ccroney2f@bbc.co.uk
89,Hermie,Beidebeke,hbeidebeke2g@uol.com.br
90,Field,Aingell,faingell2h@businessinsider.com
91,Bowie,Papez,bpapez2i@huffingtonpost.com
92,Pearle,Manchester,pmanchester2j@lulu.com
93,Ebony,O' Kelleher,eokelleher2k@360.cn
94,Harbert,Bearns,hbearns2l@archive.org
95,Curtice,Giacopini,cgiacopini2m@histats.com
96,Lynea,Bastard,lbastard2n@live.com
97,Modestia,Baleine,mbaleine2o@tinypic.com
98,Kile,Sandcroft,ksandcroft2p@cnet.com
99,Trip,Cayette,tcayette2q@sina.com.cn
100,Pavlov,Egglestone,pegglestone2r@sciencedirect.com
